{"_timestamp": 1590659956.113926, "episode": 11600, "_step": 57, "_runtime": 5084.388919830322, "eval_rewards": 0.9735407928220166}
