{"_timestamp": 1590659801.87425, "episode": 11200, "_step": 55, "_runtime": 4930.1492438316345, "eval_rewards": 0.9718798902603248}
