{"episode": 12000, "_runtime": 4514.594383955002, "act_val0": 0.9792193994485762, "_timestamp": 1590761947.448263, "_step": 1258, "act_val1": 0.9791590270592352, "act_val2": 0.9788946860928944, "act_val3": 0.9783065481322184, "act_val4": 0.9774349248420794, "eval_rewards": 0.9771918241929584}
