{"_timestamp": 1590661920.278477, "episode": 402, "_step": 200, "action_values": [[0.6211075964290648, 0.5816197926923633, 0.7095838885288684, 0.566555205238983, 0.897479873453267]], "_runtime": 130.68368983268738}
