{"_timestamp": 1590670904.427706, "episode": 8000, "_step": 838, "act_val0": 0.6038355769217013, "_runtime": 3905.3472049236298, "act_val1": 1.0961007774737663, "act_val2": 1.0877165573283856, "act_val3": 1.099751624322962, "act_val4": 0.5983871967345477, "eval_rewards": 0.9742738281070121}
