{"episode": 100, "_runtime": 37.95133304595947, "act_val0": 0.9829707196966648, "_timestamp": 1590752558.812999, "_step": 9, "act_val1": 0.9806314021517962, "act_val2": 0.9785709835067862, "act_val3": 0.9740466845348313, "act_val4": 0.9693870243242209}
