{"episode": 10000, "_runtime": 954.2791650295258, "act_val0": 0.934032678604126, "_timestamp": 1590744227.66243, "_step": 1048, "act_val1": 0.979063868522644, "act_val2": 0.9787322878837585, "act_val3": 0.9655104279518127, "act_val4": 0.9377539157867432, "eval_rewards": 0.9765508428025556}
