{"episode": 5650, "_runtime": 7190.119735002518, "act_val0": 0.94, "_timestamp": 1590847340.5740511, "_step": 592, "act_val1": 0.94, "act_val2": 0.94, "act_val3": 0.94, "act_val4": 0.94, "eval_rewards": 0.7794860072794699}
