{"_timestamp": 1590659956.1110442, "episode": 11600, "_step": 57, "_runtime": 5084.386038064957, "eval_rewards": 0.9758823953599494}
