{"_timestamp": 1590659801.872561, "episode": 11200, "_step": 55, "_runtime": 4930.14755487442, "eval_rewards": 0.9730724668023145}
