{"_timestamp": 1590666590.364946, "episode": 15999, "_step": 8038, "action_values": [[0.5953102927654981, 0.621838489100337, 1.0947639256665058, 1.0987726608880473, 0.5994591292738914]], "_runtime": 4415.678581953049, "eval_rewards": 0.9766722078806792}
