{"episode": 16000, "_runtime": 45881.43684673309, "act_val0": 0.9772918405197184, "_timestamp": 1590824047.427132, "_step": 1678, "act_val1": 0.9775492381820231, "act_val2": 0.9777656901372295, "act_val3": 0.9775865364463164, "act_val4": 0.9769003625140839, "eval_rewards": 0.977991993440481}
