{"episode": 100, "_runtime": 35.29268789291382, "act_val0": 1.1199337264971623, "_timestamp": 1590752805.6469178, "_step": 9, "act_val1": 1.11989579593654, "act_val2": 1.1198301549253775, "act_val3": 1.119508217080092, "act_val4": 1.1185149955251028}
