{"_timestamp": 1590666590.368586, "episode": 16000, "_step": 8038, "action_values": [[0.614193660998717, 1.0298290084674957, 1.0245271828674012, 1.032908573778136, 1.0281769757971981]], "_runtime": 4428.388339996338, "eval_rewards": 0.9733622382209663}
