{"episode": 18000, "_runtime": 1530.6631441116333, "act_val0": 0.9175626635551453, "_timestamp": 1590749529.370969, "_step": 1888, "act_val1": 0.9335541725158691, "act_val2": 0.9827865362167358, "act_val3": 0.9597494602203369, "act_val4": 0.9199373722076416, "eval_rewards": 0.9787637425247903}
