{"episode": 12000, "_runtime": 3818.0181329250336, "act_val0": 0.9793726902720828, "_timestamp": 1590689772.844296, "_step": 1258, "act_val1": 0.9825574618643692, "act_val2": 0.9820978278753792, "act_val3": 0.9803122831461918, "act_val4": 0.9736565238263496, "eval_rewards": 0.9713873004751176}
