{"episode": 150, "_runtime": 49.92414212226868, "act_val0": 24.978142315149306, "_timestamp": 1590746098.034146, "_step": 14, "act_val1": 24.995507007837293, "act_val2": 25.01423638701439, "act_val3": 25.05537093400955, "act_val4": 25.01765270590782}
