{"_timestamp": 1590670904.437818, "episode": 8000, "_step": 838, "act_val0": 1.0434001557440316, "_runtime": 3917.265032052994, "act_val1": 1.0491878438298983, "act_val2": 1.0537659049739063, "act_val3": 1.0427923292818282, "act_val4": 1.047411482694122, "eval_rewards": 0.9727877895627343}
