{"_timestamp": 1590662071.962205, "episode": 402, "_step": 200, "action_values": [[0.5813092793338002, 0.5855952426278963, 0.7054305341374129, 0.6000806688051671, 0.8265896260086447]], "_runtime": 112.33203291893005}
