{"_timestamp": 1590657890.59218, "episode": 7800, "_step": 38, "_runtime": 3043.7021169662476, "eval_rewards": 0.9784708937625164}
