{"episode": 50, "_runtime": 19.715362787246704, "act_val0": 0.8932353638579764, "_timestamp": 1590752954.9525409, "_step": 4, "act_val1": 0.9011385864533847, "act_val2": 0.9112023193263771, "act_val3": 0.9375737455005261, "act_val4": 0.9667790851328679}
