{"episode": 2700, "_runtime": 705.0160629749298, "act_val0": 0.9734876102838758, "_timestamp": 1590777537.334961, "_step": 282, "act_val1": 0.9737808024871786, "act_val2": 0.9740466092026699, "act_val3": 0.975403872328388, "act_val4": 0.9763949834324048, "eval_rewards": 0.9255208413239636}
