{"episode": 14000, "_runtime": 6274.004105806351, "act_val0": 0.9776425321478917, "_timestamp": 1590775170.8557088, "_step": 1468, "act_val1": 0.9783433313660717, "act_val2": 0.9800203299534128, "act_val3": 0.9804149069725441, "act_val4": 0.9798026245065204, "eval_rewards": 0.9786358155003068}
