{"_timestamp": 1590673124.319626, "episode": 8000, "_step": 838, "act_val0": 1.0365357958647337, "_runtime": 1590.342236995697, "act_val1": 1.040686494840545, "act_val2": 1.0384638925299674, "act_val3": 1.0517747240107589, "act_val4": 1.0389211558291618, "eval_rewards": 0.9724193962534512}
