{"_timestamp": 1590680904.46318, "episode": 12000, "_step": 1258, "act_val0": 1.0329375589888876, "_runtime": 3119.5170390605927, "act_val1": 1.0406359171846638, "act_val2": 1.0343401720826366, "act_val3": 1.0420101096248948, "act_val4": 1.031674704165779, "eval_rewards": 0.9750065918793244}
