{"episode": 100, "_runtime": 38.32947826385498, "act_val0": 0.8003690327374314, "_timestamp": 1590752903.3606641, "_step": 9, "act_val1": 0.8005506502122689, "act_val2": 0.8008240292200639, "act_val3": 0.8019165949127102, "act_val4": 0.8045831126190475}
