{"episode": 100, "_runtime": 58.14480519294739, "act_val0": 0.9539989983689857, "_timestamp": 1590838662.704832, "_step": 9, "act_val1": 0.9539989101219999, "act_val2": 0.9539988008357007, "act_val3": 0.9539984719852743, "act_val4": 0.9539982164857959}
