{"_timestamp": 1590653092.611666, "episode": 1800, "_step": 26, "_runtime": 821.3806748390198, "agent": "Tim", "eval_rewards": 0.9785037196536898}
