{"_timestamp": 1590662071.9606102, "episode": 401, "_step": 200, "action_values": [[0.6216706202179194, 0.6149771635979413, 0.6909420081228017, 0.7132112339884041, 0.5827828956395387]], "_runtime": 100.61319518089294}
