{"_timestamp": 1590661920.274945, "episode": 401, "_step": 200, "action_values": [[0.6001795338839292, 0.6000324076414109, 0.6963515123724937, 0.6941304656863213, 0.6156560906022788]], "_runtime": 118.03439211845398}
